[{"usuarioGoogle":"fabberthtorres@gmail.com","usuario":"fabberthtorres","contrasena":"123456","token":"aea07d1f31624568a3dea497587cbf79"},{"id":"60eeaf73-70f1-4288-889f-e705b7644980","usuarioGoogle":"fjtorres35@misena.edu.co","token":"","urlAbox":"http://abox-2-7-local.adapting.net/","urlSoap":"http://abox-2-7-local.adapting.net//document-api.svc/soap","usuario":"partner","documentTypeCode":"100.02.00.El.E#"},{"id":"60eeaf73-70f1-4288-889f-e705b7644980","usuarioGoogle":"fjtorres35@misena.edu.comm","token":"","urlAbox":"http://abox-2-7-local.adapting.net","urlSoap":"http://abox-2-7-local.adapting.net/document-api.svc/soap","usuario":"partner","documentTypeCode":"RootDocumentType"}]